mean_fit_time,std_fit_time,mean_score_time,std_score_time,param_estimator,param_sampler,param_scaler,params,split0_test_roc_auc,split1_test_roc_auc,split2_test_roc_auc,split3_test_roc_auc,split4_test_roc_auc,mean_test_roc_auc,std_test_roc_auc,rank_test_roc_auc,split0_train_roc_auc,split1_train_roc_auc,split2_train_roc_auc,split3_train_roc_auc,split4_train_roc_auc,mean_train_roc_auc,std_train_roc_auc,split0_test_accuracy,split1_test_accuracy,split2_test_accuracy,split3_test_accuracy,split4_test_accuracy,mean_test_accuracy,std_test_accuracy,rank_test_accuracy,split0_train_accuracy,split1_train_accuracy,split2_train_accuracy,split3_train_accuracy,split4_train_accuracy,mean_train_accuracy,std_train_accuracy,split0_test_f1,split1_test_f1,split2_test_f1,split3_test_f1,split4_test_f1,mean_test_f1,std_test_f1,rank_test_f1,split0_train_f1,split1_train_f1,split2_train_f1,split3_train_f1,split4_train_f1,mean_train_f1,std_train_f1,split0_test_recall,split1_test_recall,split2_test_recall,split3_test_recall,split4_test_recall,mean_test_recall,std_test_recall,rank_test_recall,split0_train_recall,split1_train_recall,split2_train_recall,split3_train_recall,split4_train_recall,mean_train_recall,std_train_recall,split0_test_precision,split1_test_precision,split2_test_precision,split3_test_precision,split4_test_precision,mean_test_precision,std_test_precision,rank_test_precision,split0_train_precision,split1_train_precision,split2_train_precision,split3_train_precision,split4_train_precision,mean_train_precision,std_train_precision,split0_test_speci,split1_test_speci,split2_test_speci,split3_test_speci,split4_test_speci,mean_test_speci,std_test_speci,rank_test_speci,split0_train_speci,split1_train_speci,split2_train_speci,split3_train_speci,split4_train_speci,mean_train_speci,std_train_speci
0.06621928215026855,0.005164111612348795,0.1117396354675293,0.014751644410625629,LogisticRegression(),RandomUnderSampler(),StandardScaler(),"{'estimator': LogisticRegression(), 'sampler': RandomUnderSampler(), 'scaler': StandardScaler()}",0.742888683579565,0.748930159263681,0.7278816860953662,0.7315566921557705,0.7350245257682092,0.7372563493725183,0.007659666657812692,3,0.737098453631087,0.7350803627711279,0.7406359572122534,0.7400445523110506,0.7390664633818952,0.7383851578614828,0.0020426033993207176,0.6793495934959349,0.6794308943089431,0.6690243902439025,0.6846085047564843,0.6807057484348321,0.6786238262480193,0.005166779371946718,10,0.6770600430911826,0.6786454733932273,0.6806170982560267,0.681070753470599,0.6786520051220554,0.6792090746666182,0.0014625107167189175,0.2594817874577544,0.2611954281431516,0.2470871093027557,0.257323377369328,0.25526265882799165,0.25607007222019623,0.0049157987582492315,1,0.2567365269461078,0.2564199040541812,0.25983324697347965,0.2576524577754648,0.2580251548714098,0.2577334581241287,0.0012016702816581917,0.6801181102362205,0.6866995073891625,0.6581280788177339,0.6620689655172414,0.6630541871921182,0.6700137698304953,0.011254660277757152,3,0.6758620689655173,0.6712632356562424,0.6791430682098005,0.6705245013543463,0.6769268653041123,0.6747439478980037,0.003325256967089997,0.1603248259860789,0.16126793151318833,0.15209471766848817,0.1596958174904943,0.15805542508219822,0.15828774354808955,0.0032686828787378552,8,0.15846615846615847,0.1584791581884774,0.16064771668219943,0.15946357460763644,0.15939003884733577,0.1592893293583615,0.0008024596652679327,0.6792803970223326,0.6787771377935312,0.6700044306601683,0.6866359447004609,0.6822935129386742,0.6793982846230334,0.005466448271810696,10,0.6771677965350702,0.6793096572656578,0.6807497175266412,0.6820195843856618,0.6788072134343569,0.6796107938294775,0.0016615703171094644
0.11488499641418456,0.025409818020428354,0.12276411056518555,0.030890554389577506,LogisticRegression(),RandomUnderSampler(),passthrough,"{'estimator': LogisticRegression(), 'sampler': RandomUnderSampler(), 'scaler': 'passthrough'}",0.5528545226046496,0.5665973621202565,0.5506611287052214,0.5492478124132343,0.5467808292136911,0.5532283310114106,0.006969591967069242,16,0.554378848488063,0.5509683160719864,0.5538318737051139,0.5528994947656157,0.5557709319863093,0.5535698930034176,0.0015990779715705631,0.5943089430894309,0.6100813008130082,0.5862601626016261,0.6069599154402797,0.6334661354581673,0.6062152914805025,0.016112586949820734,16,0.5903085491280133,0.606040895971381,0.58370258953616,0.6059676009674994,0.6403178926400943,0.6052675056486296,0.019587924246442266,0.16722296395193592,0.1705292286406088,0.16505332239540604,0.16453508468717595,0.15832710978342046,0.16513354189170942,0.004004278318898463,8,0.16482970083699347,0.16204063986165154,0.16740517907232003,0.16317016317016314,0.16417910447761197,0.16432495748374804,0.001806403105182114,0.49311023622047245,0.4857142857142857,0.49556650246305417,0.4689655172413793,0.41773399014778323,0.47221810635739503,0.02878497456401836,8,0.4899014778325123,0.46146269391775424,0.5070179758680128,0.4654026101945334,0.42797340556513175,0.4703516326755889,0.026929676409300964,0.10068327974276527,0.10341934130480386,0.09901574803149606,0.09976944036889542,0.0976733471550334,0.1001122313205988,0.0019251498622696647,15,0.09908339145162898,0.09827468666421942,0.10025318921024443,0.09892698246532321,0.10157208813044241,0.09962206758437168,0.0011653021307319298,0.6034207727756115,0.6212671688081525,0.59441736818786,0.61937256292095,0.652871322226161,0.618269838983747,0.01998448277566994,16,0.5993398023838008,0.6190486740368212,0.590601945189091,0.6186140280916301,0.6594222163144136,0.6174053332031514,0.02372494464327236
0.4462116718292236,0.06802197889534507,0.1127634048461914,0.029679646738866736,LogisticRegression(),passthrough,StandardScaler(),"{'estimator': LogisticRegression(), 'sampler': 'passthrough', 'scaler': StandardScaler()}",0.7418414548367559,0.7479954864013654,0.726839891656172,0.7303643678742996,0.7336979165757174,0.7361478234688621,0.007731397702158631,4,0.735619638909206,0.7344312131851811,0.7395847102212124,0.7386208955373048,0.7380247484010537,0.7372562412507916,0.0019253001378427084,0.9169918699186992,0.9171544715447154,0.9178861788617886,0.9171477355882592,0.9169851207415237,0.9172330753309972,0.0003345645462996345,3,0.9174153420870768,0.9172324078214562,0.9170291475263223,0.917234090123783,0.917234090123783,0.9172290155364842,0.0001222520473543527,0.009699321047526674,0.01545893719806763,0.0250965250965251,0.01545893719806763,0.009699321047526674,0.015082608317542743,0.005630654309617181,13,0.016460905349794237,0.014043583535108959,0.015436565364206465,0.01784852870236372,0.01784852870236372,0.01632762233076742,0.0014597871408678132,0.004921259842519685,0.007881773399014778,0.012807881773399015,0.007881773399014778,0.0049261083743842365,0.007683759357666499,0.0028834386474949868,13,0.008374384236453201,0.007141098251662152,0.007879832553558237,0.00911105639005171,0.00911105639005171,0.008323485564355403,0.0007533915365869999,0.3333333333333333,0.4,0.6190476190476191,0.4,0.3125,0.4129761904761905,0.10884911231471152,3,0.4788732394366197,0.42028985507246375,0.3764705882352941,0.43529411764705883,0.43529411764705883,0.429244383607699,0.032867853456161625,0.9991137894363701,0.9989366415595924,0.9992910943730616,0.9989365473236441,0.9990251683800071,0.9990606482145351,0.00013264005555328965,3,0.9991802915503567,0.9991138090701641,0.9988257970179675,0.998936594443706,0.998936594443706,0.99899861730518,0.00012948760283807312
0.696277666091919,0.09071191292841835,0.07106132507324218,0.012522445024442178,LogisticRegression(),passthrough,passthrough,"{'estimator': LogisticRegression(), 'sampler': 'passthrough', 'scaler': 'passthrough'}",0.6065920284313094,0.5989725233591825,0.5863457966567067,0.5855810485398918,0.574017528633769,0.5903017851241719,0.011346064838911523,15,0.5867686713127362,0.5882001844645373,0.5915006237515197,0.5920283491020435,0.5947462938602284,0.590648824498213,0.0028449721274714486,0.9173983739837398,0.917479674796748,0.917479674796748,0.9174729652817302,0.9174729652817302,0.9174607308281392,3.132247642217952e-05,1,0.9174763201756169,0.9174559941461035,0.9174559941461035,0.9174576719039005,0.9174576719039005,0.917460730455125,7.830888870307556e-06,0.0,0.0,0.0,0.0,0.0,0.0,0.0,16,0.0,0.0,0.0,0.0,0.0,0.0,0.0,0.0,0.0,0.0,0.0,0.0,0.0,0.0,16,0.0,0.0,0.0,0.0,0.0,0.0,0.0,0.0,0.0,0.0,0.0,0.0,0.0,0.0,16,0.0,0.0,0.0,0.0,0.0,0.0,0.0,1.0,1.0,1.0,1.0,1.0,1.0,0.0,1,1.0,1.0,1.0,1.0,1.0,1.0,0.0
2.0701122760772703,0.1905300506903033,0.6414637565612793,0.041084101200225445,RandomForestClassifier(),RandomUnderSampler(),StandardScaler(),"{'estimator': RandomForestClassifier(), 'sampler': RandomUnderSampler(), 'scaler': StandardScaler()}",0.7206274841807926,0.7360865702979892,0.7212753753511245,0.722726586142286,0.7256706824083275,0.725277339676104,0.005676925282546258,9,0.9832772928208994,0.980166578908633,0.9821295130946576,0.9788542447774239,0.9808145059847604,0.9810484271172747,0.0015351482478980787,0.6782926829268293,0.6941463414634146,0.6622764227642276,0.6839580453695422,0.6859907309537361,0.6809328446955499,0.01062415251017774,9,0.735151835440465,0.736229115004675,0.7296638074718484,0.7307668855058029,0.7326165165958658,0.7328856320037314,0.0025002487769716013,0.25099375354911985,0.2683780630105017,0.2458242556281772,0.2583476435794696,0.25357557015848475,0.2554238571851506,0.00763615490488146,2,0.38392434988179663,0.3849471538935495,0.37914293716739805,0.3801010857356795,0.3817267471918034,0.3819684547740454,0.002201236631682048,0.6525590551181102,0.6798029556650246,0.6669950738916256,0.6669950738916256,0.6463054187192119,0.6625315154571195,0.011839641339270303,4,1.0,1.0,1.0,1.0,1.0,1.0,0.0,0.1553784860557769,0.16719166464744367,0.15067883374137547,0.16019876952200662,0.15773022361144506,0.15823559551560956,0.005469704749126677,9,0.23756582796957285,0.2383495715459561,0.23391509705662117,0.23464494135320968,0.23588522304832713,0.23607213219473738,0.001681812497305287,0.6806097128677774,0.695436420026584,0.6618520159503766,0.6854838709677419,0.6895604395604396,0.6825884918745839,0.011454060699501901,9,0.711329700031016,0.7124975075880098,0.7053415158295855,0.7065443750276929,0.708560414728167,0.7088547026408942,0.0027262553288674597
2.107638359069824,0.11799221189024002,0.6366697311401367,0.025668615121967057,RandomForestClassifier(),RandomUnderSampler(),passthrough,"{'estimator': RandomForestClassifier(), 'sampler': RandomUnderSampler(), 'scaler': 'passthrough'}",0.7196621165220352,0.7276534743578271,0.7176128999871229,0.7172911904558179,0.7213023191650237,0.7207044000975653,0.003766719217809225,10,0.9792030657161498,0.983227099077068,0.9806139678496761,0.9800234246213061,0.9811485277538278,0.9808432170036054,0.0013557890222872463,0.6726016260162602,0.6707317073170732,0.6639024390243903,0.6797300593544191,0.6752581510691926,0.672444796556267,0.005232994555260157,11,0.7270417496646205,0.7237286068539371,0.7286678320256921,0.7329214008414805,0.72877497510112,0.7282269128973701,0.002972284241553763,0.2485538346706475,0.2513863216266174,0.24617067833698028,0.2492853058890795,0.24868322046651617,0.24881587219796816,0.0016679861489462715,5,0.37681562949556824,0.37404439532099104,0.37827767686647107,0.38199604928981284,0.3783657877573837,0.37789990774604537,0.002575995521117833,0.655511811023622,0.6699507389162561,0.6650246305418719,0.6443349753694582,0.6512315270935961,0.6572107365889608,0.00924972560949242,6,1.0,1.0,1.0,1.0,1.0,1.0,0.0,0.15335021874280452,0.1547212741751991,0.15104050123070037,0.15453686200378072,0.15368518949081608,0.15346680912866015,0.001316582623680952,12,0.23214592029275544,0.23004588455220076,0.23325674899483057,0.23609092494622405,0.2333237575409365,0.23297264726538947,0.0019584210670665074,0.674140375753279,0.6708019494904741,0.6638015064244572,0.6829138603332152,0.6774193548387096,0.673815409368027,0.00640679371714102,11,0.7024901413443219,0.698872322041784,0.7042559319405366,0.7088927289645088,0.7043732553502592,0.7037768759282821,0.003239365681155142
11.55097484588623,0.5523566601330653,0.7121392726898194,0.10747319748351827,RandomForestClassifier(),passthrough,StandardScaler(),"{'estimator': RandomForestClassifier(), 'sampler': 'passthrough', 'scaler': StandardScaler()}",0.7035116268034733,0.7091914154322294,0.702186214317362,0.6992145904310214,0.705584479877345,0.7039376653722862,0.0033427657491107575,14,1.0,1.0,1.0,1.0,1.0,1.0,0.0,0.9173170731707317,0.9169918699186992,0.917479674796748,0.917229043011627,0.9169851207415237,0.917200556327866,0.00019092265173503912,4,0.9999593479409732,1.0,0.9999796739704866,0.9999593487672513,1.0,0.9999796741357422,1.8179968722510466e-05,0.013579049466537343,0.01921229586935639,0.013605442176870748,0.007797270955165692,0.009699321047526674,0.012778675903091369,0.003924600050057444,15,0.9997536338999753,1.0,0.9998768624553626,0.9997536945812807,1.0,0.9998768381873238,0.00011016470298844412,0.006889763779527559,0.009852216748768473,0.006896551724137931,0.003940886699507389,0.0049261083743842365,0.006501105465265118,0.002028433672967721,15,0.9995073891625615,1.0,0.9997537552327013,0.9995075104654026,1.0,0.999753730972133,0.00022027514332723983,0.4666666666666667,0.38461538461538464,0.5,0.36363636363636365,0.3125,0.40548368298368304,0.06857016988346476,4,1.0,1.0,1.0,1.0,1.0,1.0,0.0,0.999291031549096,0.9985821887461231,0.9993797075764289,0.999379652605459,0.9990251683800071,0.9991315497714229,0.0003038704613515117,2,1.0,1.0,1.0,1.0,1.0,1.0,0.0
12.400502777099609,0.5565032027553777,0.689877986907959,0.11937427031040833,RandomForestClassifier(),passthrough,passthrough,"{'estimator': RandomForestClassifier(), 'sampler': 'passthrough', 'scaler': 'passthrough'}",0.7027569958299257,0.7121541520523996,0.7000249688435103,0.7005362228745353,0.7059000232248286,0.7042744725650398,0.0044512311115133445,13,1.0,1.0,1.0,1.0,1.0,1.0,0.0,0.9167479674796748,0.9170731707317074,0.9173170731707317,0.9170664281648915,0.9174729652817302,0.9171355209657472,0.0002472605673801417,6,0.9999186958819464,0.9998780438229197,0.9999390219114598,0.9999796743836257,1.0,0.9999430871999901,4.340459118300948e-05,0.01348747591522158,0.019230769230769232,0.0058651026392961885,0.013539651837524178,0.02121504339440694,0.014667608603443624,0.005363589248425653,14,0.9995071463775258,0.9992607195662888,0.9996304963665477,0.9998768624553626,1.0,0.9996550449531449,0.0002631220709610534,0.006889763779527559,0.009852216748768473,0.002955665024630542,0.006896551724137931,0.01083743842364532,0.007486327140141964,0.002758912922297879,14,0.9990147783251232,0.9985225313962078,0.9992612656981039,0.9997537552327013,1.0,0.9993104661304273,0.0005258622046921845,0.3181818181818182,0.4,0.375,0.3684210526315789,0.5,0.39232057416267946,0.06003595070784843,5,1.0,1.0,1.0,1.0,1.0,1.0,0.0,0.9986706841545552,0.9986708019494904,0.9995569339831635,0.9989365473236441,0.9990251683800071,0.9989720271581721,0.00032488245080703496,4,1.0,1.0,1.0,1.0,1.0,1.0,0.0
16.797783279418944,1.2452029514182223,0.09904909133911133,0.007693842978236268,LGBMClassifier(),RandomUnderSampler(),StandardScaler(),"{'estimator': LGBMClassifier(), 'sampler': RandomUnderSampler(), 'scaler': StandardScaler()}",0.734500037681394,0.736390168736127,0.7247884305204826,0.7305932983272886,0.7336129625975487,0.7319769795725681,0.004052365051045332,5,0.8254533961205341,0.824192714514383,0.8273150209138931,0.8277712364181181,0.82462860699513,0.8258721949924117,0.0014304309318800535,0.6704065040650407,0.6746341463414635,0.6502439024390244,0.6677778681193594,0.6679404829660948,0.6662005807861966,0.008353987040983363,13,0.6899264197731615,0.6916338062522867,0.6847432822472458,0.6870871359173967,0.6803593568974979,0.6867500002175176,0.003972961165548445,0.2500924898261191,0.2561338289962825,0.24046610169491525,0.25301645338208406,0.2555596062705068,0.25105369603398153,0.005709368890595036,4,0.3005822749988538,0.3020013802622498,0.30021656740660535,0.30209891654200105,0.2978837396196089,0.3005565757658638,0.0015314433911954796,0.6653543307086615,0.6788177339901478,0.670935960591133,0.6817733990147783,0.69064039408867,0.6775043636786781,0.008755251218567241,1,0.8073891625615763,0.8081753262743167,0.8192563408027579,0.8204875646392514,0.8214725437084462,0.8153561875972697,0.006228808789982745,0.15398633257403188,0.15784650630011454,0.14648311464831146,0.155331088664422,0.15678819056139567,0.15408704654965513,0.004020131366907246,11,0.1846656526392879,0.18569650333823695,0.1837816936419378,0.18513168129792199,0.1819272509134537,0.18424055636616768,0.0013157909551396426,0.6708613966678483,0.6742578644217988,0.6483828090385467,0.6665189649060617,0.6658986175115207,0.6651839305091553,0.008934659206220944,13,0.6793610704949267,0.6811485034450673,0.6726410705186432,0.6750852939873278,0.6676636093756924,0.6751799095643314,0.004817792938135721
8.87335262298584,3.359044231475479,0.10855817794799805,0.023530390622994116,LGBMClassifier(),RandomUnderSampler(),passthrough,"{'estimator': LGBMClassifier(), 'sampler': RandomUnderSampler(), 'scaler': 'passthrough'}",0.723149564430997,0.7347276890069429,0.7239117272808624,0.727158817664141,0.7287101663631141,0.7275315929492114,0.0041380525991957144,6,0.829569402600498,0.8255454322686766,0.8261434392981608,0.8244229420430988,0.8242810177056522,0.8259924467832173,0.0019188313240796969,0.6817073170731708,0.6741463414634147,0.661869918699187,0.6670461013090495,0.6658264899585332,0.6701192337006711,0.007020317125409105,12,0.7037684458717834,0.6940932558234074,0.696593357453555,0.6848716437325962,0.6856643427711946,0.6929982091305074,0.007070344816630414,0.24956871765382405,0.257227575982209,0.2464214531618047,0.25586043976013084,0.25,0.25181563731159373,0.004076565134025248,3,0.3104003028295637,0.3040784241191159,0.303680552316089,0.29890567061589945,0.3003845283872427,0.30348989565358214,0.003969757375722817,0.640748031496063,0.683743842364532,0.6699507389162561,0.6935960591133005,0.6748768472906403,0.6725831038361584,0.017842470731283356,2,0.8078817733990148,0.8096527948781088,0.8015267175572519,0.8138389559221867,0.8175326274316671,0.8100865738376459,0.005437729933241337,0.1549631040228517,0.15841132161606938,0.15097690941385436,0.1568627450980392,0.1534154535274356,0.15492590673565004,0.002599111083066704,10,0.19210495490219046,0.18719043552519216,0.18732734806629833,0.18307206558466738,0.1839946796719131,0.18673789675005228,0.003172415971355706,0.6853952499113789,0.6732831191847586,0.6611431103234382,0.6646579227224388,0.6650124069478908,0.669898361817981,0.00871320042981443,12,0.6944038282600027,0.6836963023683452,0.687152446994705,0.6732686428286587,0.6738003456068058,0.6824643132117034,0.008070602253739052
7.4674759864807125,2.2752975326796787,0.09241757392883301,0.010843974064845985,LGBMClassifier(),passthrough,StandardScaler(),"{'estimator': LGBMClassifier(), 'sampler': 'passthrough', 'scaler': StandardScaler()}",0.7363141961860847,0.748820505880992,0.7299317503726774,0.7362123971690158,0.738076669873905,0.7378711038965351,0.006134170933253329,2,0.8588775347282018,0.8564966679433803,0.8620670740588134,0.8625128690958824,0.8581860220847372,0.859628033582203,0.0023116786472263118,0.9172357723577236,0.9166666666666666,0.917479674796748,0.9170664281648915,0.9173916578583625,0.9171680399688785,0.00028754444867446605,5,0.9204845725435994,0.9205658766616529,0.9194479450384162,0.9199373971015671,0.9201609788816846,0.920119354045384,0.00040457335782675014,0.023032629558541268,0.026590693257359927,0.03056351480420248,0.02111324376199616,0.017408123791102518,0.023741641034640472,0.0045206121369986575,12,0.0790960451977401,0.07917059377945335,0.05395082358558129,0.06325802615933412,0.07095553453169347,0.06928620465076046,0.00967712385571989,0.011811023622047244,0.013793103448275862,0.015763546798029555,0.01083743842364532,0.008866995073891626,0.01221442147317792,0.0023812854929066408,12,0.041379310344827586,0.041369120906180744,0.027825658704752523,0.032750554050726424,0.036936715094804236,0.0360522718202583,0.005215495511118064,0.46153846153846156,0.3684210526315789,0.5,0.4074074074074074,0.47368421052631576,0.44221022642075275,0.047665351479555675,2,0.8936170212765957,0.9180327868852459,0.8828125,0.9236111111111112,0.8982035928143712,0.9032554024174647,0.015290895321476546,0.9987593052109182,0.9978732831191848,0.9985821887461231,0.9985820630981921,0.9991137894363701,0.9985821259221576,0.0004041080845344566,5,0.9995569143515441,0.9996676784013115,0.9996676784013115,0.9997563028933493,0.9996233771988126,0.9996543902492657,6.511942402804747e-05
16.178881406784058,0.29844432020990813,0.10115575790405273,0.020140124226955155,LGBMClassifier(),passthrough,passthrough,"{'estimator': LGBMClassifier(), 'sampler': 'passthrough', 'scaler': 'passthrough'}",0.7367982974290126,0.75133829945588,0.7321287030388218,0.7355607922984372,0.7377282537897507,0.7387108692023804,0.006592774143710228,1,0.8587157157022788,0.8579813514419317,0.8606529137697547,0.8578499736434416,0.8575634191019929,0.8585526747318799,0.0011168179974225716,0.9171544715447154,0.9171544715447154,0.9180487804878049,0.9174729652817302,0.9164972762013172,0.9172655930120566,0.0005042603619305276,2,0.9205048985731127,0.9202203341599252,0.9197325094516037,0.920059350799813,0.9206691192910424,0.9202372424550994,0.00033010426692733056,0.028598665395614873,0.024880382775119617,0.039999999999999994,0.02121504339440694,0.017224880382775122,0.02638379438958331,0.007786766311059429,11,0.08084606345475912,0.07144546960018927,0.05953798523457966,0.06911242603550297,0.07882936039650695,0.0719542609443076,0.0076003939522005575,0.014763779527559055,0.012807881773399015,0.020689655172413793,0.01083743842364532,0.008866995073891626,0.01359314999418176,0.004056547596620347,11,0.042364532019704436,0.03718295986210293,0.030780595912336863,0.03595173602560946,0.04112287613888205,0.037480539991727145,0.004109380413287097,0.45454545454545453,0.43333333333333335,0.6,0.5,0.3,0.4575757575757575,0.09747971934773851,1,0.882051282051282,0.9096385542168675,0.9057971014492754,0.8902439024390244,0.9488636363636364,0.9073188953040171,0.023081030499301602,0.9984048209854661,0.9984935755427559,0.9987594151528578,0.9990251683800071,0.9981389578163772,0.9985643875754929,0.000303914799348754,6,0.9994904515042757,0.9996676784013115,0.9997119879478034,0.9996012229163898,0.9998006114581949,0.9996543904455949,0.00010447716419981216
2.6762795448303223,0.20242823499822676,0.10002217292785645,0.025405652172322303,"XGBClassifier(base_score=None, booster=None, callbacks=None,
              colsample_bylevel=None, colsample_bynode=None,
              colsample_bytree=None, early_stopping_rounds=None,
              enable_categorical=False, eval_metric=None, feature_types=None,
              gamma=None, gpu_id=None, grow_policy=None, importance_type=None,
              interaction_constraints=None, learning_rate=None, max_bin=None,
              max_cat_threshold=None, max_cat_to_onehot=None,
              max_delta_step=None, max_depth=None, max_leaves=None,
              min_child_weight=None, missing=nan, monotone_constraints=None,
              n_estimators=100, n_jobs=None, num_parallel_tree=None,
              predictor=None, random_state=None, ...)",RandomUnderSampler(),StandardScaler(),"{'estimator': XGBClassifier(base_score=None, booster=None, callbacks=None,
              colsample_bylevel=None, colsample_bynode=None,
              colsample_bytree=None, early_stopping_rounds=None,
              enable_categorical=False, eval_metric=None, feature_types=None,
              gamma=None, gpu_id=None, grow_policy=None, importance_type=None,
              interaction_constraints=None, learning_rate=None, max_bin=None,
              max_cat_threshold=None, max_cat_to_onehot=None,
              max_delta_step=None, max_depth=None, max_leaves=None,
              min_child_weight=None, missing=nan, monotone_constraints=None,
              n_estimators=100, n_jobs=None, num_parallel_tree=None,
              predictor=None, random_state=None, ...), 'sampler': RandomUnderSampler(), 'scaler': StandardScaler()}",0.7102281608409371,0.7224032948396996,0.7067275755121996,0.7062137766889077,0.710367615857843,0.7111880847479174,0.005865414628437404,12,0.8696489113734848,0.8651477195556169,0.8742541660507184,0.8701218531358412,0.8665783517648125,0.8691502003760947,0.003158402930274249,0.6660975609756098,0.6536585365853659,0.6421951219512195,0.6579396698918611,0.6604602000162615,0.6560702178840635,0.008020584732276926,14,0.7021626895402252,0.6938493434692468,0.6971015081913899,0.6968231061606943,0.692371796174719,0.696461688707255,0.0033643118350026443,0.24127101422501387,0.24601769911504423,0.22938189458938893,0.23937805098535528,0.2423802612481858,0.2396857840325976,0.005588043452333192,6,0.3342874017536686,0.3261453113815318,0.3330648048693161,0.32997933698679366,0.32670492459628986,0.33003635591752,0.0032706209545665613,0.6427165354330708,0.6847290640394089,0.645320197044335,0.6522167487684729,0.6581280788177339,0.6566221248206043,0.015051739138893103,7,0.9061576354679803,0.897562176803743,0.9162767791184437,0.9044570302881064,0.9042107855208077,0.9057328814398163,0.0060342220814242386,0.14851034796452126,0.1499460625674218,0.13948040885860308,0.14658990256864482,0.14854347342672894,0.14661403907718398,0.003723180025499438,13,0.20494679962119103,0.1992783336066918,0.20352239785593174,0.201802098785781,0.19937018134433707,0.20178396224278652,0.002241898333342231,0.6682027649769585,0.6508639787328312,0.6419140451927338,0.6584544487770294,0.6606699751861043,0.6560210425731314,0.008961373594048106,14,0.6838140812619079,0.6755211910406097,0.677382191993265,0.6781425849616731,0.6733129513935043,0.677634600130192,0.003511435356006939
4.6440691471099855,1.099605265793307,0.08498797416687012,0.0033996231537812937,"XGBClassifier(base_score=None, booster=None, callbacks=None,
              colsample_bylevel=None, colsample_bynode=None,
              colsample_bytree=None, early_stopping_rounds=None,
              enable_categorical=False, eval_metric=None, feature_types=None,
              gamma=None, gpu_id=None, grow_policy=None, importance_type=None,
              interaction_constraints=None, learning_rate=None, max_bin=None,
              max_cat_threshold=None, max_cat_to_onehot=None,
              max_delta_step=None, max_depth=None, max_leaves=None,
              min_child_weight=None, missing=nan, monotone_constraints=None,
              n_estimators=100, n_jobs=None, num_parallel_tree=None,
              predictor=None, random_state=None, ...)",RandomUnderSampler(),passthrough,"{'estimator': XGBClassifier(base_score=None, booster=None, callbacks=None,
              colsample_bylevel=None, colsample_bynode=None,
              colsample_bytree=None, early_stopping_rounds=None,
              enable_categorical=False, eval_metric=None, feature_types=None,
              gamma=None, gpu_id=None, grow_policy=None, importance_type=None,
              interaction_constraints=None, learning_rate=None, max_bin=None,
              max_cat_threshold=None, max_cat_to_onehot=None,
              max_delta_step=None, max_depth=None, max_leaves=None,
              min_child_weight=None, missing=nan, monotone_constraints=None,
              n_estimators=100, n_jobs=None, num_parallel_tree=None,
              predictor=None, random_state=None, ...), 'sampler': RandomUnderSampler(), 'scaler': 'passthrough'}",0.7062104694264334,0.7201051135929598,0.7132419555144258,0.7121967457300367,0.7049463209601459,0.7113401210448004,0.005447382487375842,11,0.8752513774397812,0.8706917347043972,0.8679748344689013,0.8736484755731552,0.8773175160594544,0.872976787649138,0.0033078043803298003,0.6526016260162602,0.6552845528455284,0.6472357723577236,0.655337832344093,0.6562322140011383,0.6533383995129487,0.0032846400141671255,15,0.69823976584414,0.6959429245091264,0.6986056343753811,0.6970873391735605,0.6978393869794102,0.6975430101763237,0.0009455567739267517,0.233542600896861,0.24285714285714288,0.23863835760659766,0.24073078989790436,0.23627167630057802,0.2384081135118168,0.0032704518653269526,7,0.3353926045303966,0.3322769271972503,0.3325531148721642,0.3327512872173718,0.33562745799070437,0.3337202783615774,0.0014709511198409523,0.640748031496063,0.6699507389162561,0.6699507389162561,0.6620689655172414,0.6443349753694582,0.657410690043055,0.012528556867867215,5,0.9226600985221675,0.9165230238857425,0.909628170401379,0.9150455552819503,0.9246491012065994,0.9177011898595676,0.005412547652524244,0.14279447247203333,0.14830970556161396,0.14517506404782238,0.14711033274956217,0.14465826144658261,0.14560956725552288,0.0019267370531432149,14,0.2049458365247839,0.20292225493403118,0.2034701184246764,0.20334902046623618,0.20502320502320504,0.20394208707458655,0.0008707317590331118,0.6536689117334279,0.6539654408506868,0.6451927337173239,0.6547323644097838,0.6573023750443105,0.6529723651511066,0.004094890103476001,15,0.6780539678319819,0.676097215145003,0.6796198240911004,0.6774779564889893,0.6774336479241437,0.6777365222962437,0.0011396064598567133
8.60347514152527,0.19598904145942322,0.0853991985321045,0.0033374176256624633,"XGBClassifier(base_score=None, booster=None, callbacks=None,
              colsample_bylevel=None, colsample_bynode=None,
              colsample_bytree=None, early_stopping_rounds=None,
              enable_categorical=False, eval_metric=None, feature_types=None,
              gamma=None, gpu_id=None, grow_policy=None, importance_type=None,
              interaction_constraints=None, learning_rate=None, max_bin=None,
              max_cat_threshold=None, max_cat_to_onehot=None,
              max_delta_step=None, max_depth=None, max_leaves=None,
              min_child_weight=None, missing=nan, monotone_constraints=None,
              n_estimators=100, n_jobs=None, num_parallel_tree=None,
              predictor=None, random_state=None, ...)",passthrough,StandardScaler(),"{'estimator': XGBClassifier(base_score=None, booster=None, callbacks=None,
              colsample_bylevel=None, colsample_bynode=None,
              colsample_bytree=None, early_stopping_rounds=None,
              enable_categorical=False, eval_metric=None, feature_types=None,
              gamma=None, gpu_id=None, grow_policy=None, importance_type=None,
              interaction_constraints=None, learning_rate=None, max_bin=None,
              max_cat_threshold=None, max_cat_to_onehot=None,
              max_delta_step=None, max_depth=None, max_leaves=None,
              min_child_weight=None, missing=nan, monotone_constraints=None,
              n_estimators=100, n_jobs=None, num_parallel_tree=None,
              predictor=None, random_state=None, ...), 'sampler': 'passthrough', 'scaler': StandardScaler()}",0.7250240829465175,0.7332283361452384,0.7212160525218749,0.724318229045704,0.7252097219481616,0.7257992845214993,0.0039834374708957,7,0.9075945398533714,0.9083840906862463,0.902872287519399,0.9041418595712212,0.9047569995994337,0.9055499554459342,0.002097334806424217,0.9154471544715447,0.9153658536585366,0.9163414634146342,0.9173916578583625,0.9157655093910074,0.916062327758817,0.0007478837766805918,7,0.928188137729176,0.9284320500833367,0.927212488312533,0.928596109677026,0.9282912254314112,0.9281440022466965,0.0004855334182575379,0.0423572744014733,0.05449591280653951,0.0653950953678474,0.05751391465677181,0.03717472118959108,0.05138738368444462,0.010266021337579194,9,0.2370978190455625,0.24034519956850056,0.21999564365062077,0.24629907745119073,0.24063710718897974,0.23687496938097086,0.008943950921649143,0.022637795275590553,0.029556650246305417,0.035467980295566505,0.030541871921182268,0.019704433497536946,0.02758174624723634,0.005680668704347205,9,0.1352216748768473,0.13715833538537306,0.12435360748584093,0.14134449642945088,0.13765082491997044,0.13514578781949652,0.005748503495874462,0.32857142857142857,0.3488372093023256,0.4186046511627907,0.49206349206349204,0.32786885245901637,0.38318912671181066,0.06376733760497724,6,0.9614711033274956,0.9703832752613241,0.9528301886792453,0.9566666666666667,0.9555555555555556,0.9593813578980575,0.006169819313516397,0.9958348103509393,0.9950376606114311,0.9955693398316349,0.9971641261963843,0.9963665366891173,0.9959944947359014,0.0007250159040293614,7,0.9995126057866985,0.9996233688548197,0.9994461306688526,0.9994239886570074,0.9994239886570074,0.9994860165248772,7.597163375971345e-05
8.069076204299927,0.5470908078755783,0.07382564544677735,0.002831532053232666,"XGBClassifier(base_score=None, booster=None, callbacks=None,
              colsample_bylevel=None, colsample_bynode=None,
              colsample_bytree=None, early_stopping_rounds=None,
              enable_categorical=False, eval_metric=None, feature_types=None,
              gamma=None, gpu_id=None, grow_policy=None, importance_type=None,
              interaction_constraints=None, learning_rate=None, max_bin=None,
              max_cat_threshold=None, max_cat_to_onehot=None,
              max_delta_step=None, max_depth=None, max_leaves=None,
              min_child_weight=None, missing=nan, monotone_constraints=None,
              n_estimators=100, n_jobs=None, num_parallel_tree=None,
              predictor=None, random_state=None, ...)",passthrough,passthrough,"{'estimator': XGBClassifier(base_score=None, booster=None, callbacks=None,
              colsample_bylevel=None, colsample_bynode=None,
              colsample_bytree=None, early_stopping_rounds=None,
              enable_categorical=False, eval_metric=None, feature_types=None,
              gamma=None, gpu_id=None, grow_policy=None, importance_type=None,
              interaction_constraints=None, learning_rate=None, max_bin=None,
              max_cat_threshold=None, max_cat_to_onehot=None,
              max_delta_step=None, max_depth=None, max_leaves=None,
              min_child_weight=None, missing=nan, monotone_constraints=None,
              n_estimators=100, n_jobs=None, num_parallel_tree=None,
              predictor=None, random_state=None, ...), 'sampler': 'passthrough', 'scaler': 'passthrough'}",0.7250240829465175,0.7332251932138875,0.7212074094606599,0.7243062673858796,0.7252332960222678,0.7257992498058424,0.003984465261647791,8,0.9075945398533714,0.9083840906862463,0.902872287519399,0.9041418595712212,0.9047569995994337,0.9055499554459342,0.002097334806424217,0.9154471544715447,0.9153658536585366,0.9163414634146342,0.9173916578583625,0.9157655093910074,0.916062327758817,0.0007478837766805918,7,0.928188137729176,0.9284320500833367,0.927212488312533,0.928596109677026,0.9282912254314112,0.9281440022466965,0.0004855334182575379,0.0423572744014733,0.05449591280653951,0.0653950953678474,0.05751391465677181,0.03717472118959108,0.05138738368444462,0.010266021337579194,9,0.2370978190455625,0.24034519956850056,0.21999564365062077,0.24629907745119073,0.24063710718897974,0.23687496938097086,0.008943950921649143,0.022637795275590553,0.029556650246305417,0.035467980295566505,0.030541871921182268,0.019704433497536946,0.02758174624723634,0.005680668704347205,9,0.1352216748768473,0.13715833538537306,0.12435360748584093,0.14134449642945088,0.13765082491997044,0.13514578781949652,0.005748503495874462,0.32857142857142857,0.3488372093023256,0.4186046511627907,0.49206349206349204,0.32786885245901637,0.38318912671181066,0.06376733760497724,6,0.9614711033274956,0.9703832752613241,0.9528301886792453,0.9566666666666667,0.9555555555555556,0.9593813578980575,0.006169819313516397,0.9958348103509393,0.9950376606114311,0.9955693398316349,0.9971641261963843,0.9963665366891173,0.9959944947359014,0.0007250159040293614,7,0.9995126057866985,0.9996233688548197,0.9994461306688526,0.9994239886570074,0.9994239886570074,0.9994860165248772,7.597163375971345e-05
